date,ticker,atm_iv
2026-06-24,CRNX,0.7493
2026-06-24,RCKT,1.9258
2026-06-24,DYN,0.9458
2026-06-24,CADL,2.3066
2026-06-24,AUPH,0.5137
2026-06-24,ACHV,0.8477
2026-06-24,ZVRA,0.75
2026-06-24,IOVA,0.9375
2026-06-24,NVDA,0.1423
2026-06-24,AAPL,0.0884
2026-06-24,MSFT,0.1034
2026-06-24,TSLA,0.0473
2026-06-24,META,0.0568
2026-06-24,AMD,0.7401
2026-06-24,MELI,0.4939
2026-06-24,SPY,0.1201
2026-06-24,QQQ,0.2947
2026-06-24,SPXL,0.5262
2026-06-24,SPXS,0.5352
2026-06-24,VIXY,0.6072
2026-06-25,CRNX,0.6318
2026-06-25,RCKT,1.2656
2026-06-25,DYN,0.9629
2026-06-25,CADL,0.9385
2026-06-25,AUPH,0.5674
2026-06-25,ACHV,0.8223
2026-06-25,ZVRA,0.6631
2026-06-25,IOVA,1.2266
2026-06-25,NVDA,0.3095
2026-06-25,AAPL,0.3175
2026-06-25,MSFT,0.343
2026-06-25,TSLA,0.3612
2026-06-25,META,0.3056
2026-06-25,AMD,0.597
2026-06-25,MELI,0.4338
2026-06-25,SPY,0.0221
2026-06-25,QQQ,0.0607
2026-06-25,SPXL,0.5787
2026-06-25,SPXS,0.5078
2026-06-25,VIXY,0.5322
2026-06-26,CRNX,0.5762
2026-06-26,RCKT,1.4453
2026-06-26,DYN,1.0137
2026-06-26,CADL,1.5762
2026-06-26,AUPH,0.542
2026-06-26,ACHV,0.9395
2026-06-26,ZVRA,0.8618
2026-06-26,IOVA,1.4375
2026-06-26,NVDA,0.1091
2026-06-26,AAPL,0.292
2026-06-26,MSFT,0.2594
2026-06-26,TSLA,0.0751
2026-06-26,META,0.1036
2026-06-26,AMD,0.2206
2026-06-26,MELI,0.2745
2026-06-26,SPY,0.11
2026-06-26,QQQ,0.0363
2026-06-26,SPXL,0.252
2026-06-26,SPXS,0.5127
2026-06-26,VIXY,0.584
2026-06-29,CRNX,0.6848
2026-06-29,RCKT,1.6484
2026-06-29,DYN,0.7207
2026-06-29,CADL,2.0039
2026-06-29,AUPH,0.5752
2026-06-29,ACHV,0.8281
2026-06-29,ZVRA,0.5493
2026-06-29,IOVA,1.0469
2026-06-29,NVDA,0.0305
2026-06-29,AAPL,0.0801
2026-06-29,MSFT,0.0906
2026-06-29,TSLA,0.0523
2026-06-29,META,0.0714
2026-06-29,AMD,0.6993
2026-06-29,MELI,0.55
2026-06-29,SPY,0.0181
2026-06-29,QQQ,0.0313
2026-06-29,SPXL,0.4833
2026-06-29,SPXS,0.4512
2026-06-29,VIXY,0.5689
2026-06-30,CRNX,0.7041
2026-06-30,RCKT,1.6133
2026-06-30,DYN,1.5386
2026-06-30,CADL,1.9102
2026-06-30,AUPH,0.4985
2026-06-30,ACHV,1.3008
2026-06-30,ZVRA,0.8706
2026-06-30,IOVA,0.8984
2026-06-30,NVDA,0.2843
2026-06-30,AAPL,0.2235
2026-06-30,MSFT,0.2896
2026-06-30,TSLA,0.3439
2026-06-30,META,0.2942
2026-06-30,AMD,0.6775
2026-06-30,MELI,0.4896
2026-06-30,SPY,0.0332
2026-06-30,QQQ,0.0278
2026-06-30,SPXL,0.4492
2026-06-30,SPXS,0.4434
2026-06-30,VIXY,0.665
2026-07-01,CRNX,0.5657
2026-07-01,RCKT,2.5859
2026-07-01,DYN,1.4692
2026-07-01,CADL,0.8467
2026-07-01,AUPH,0.5449
2026-07-01,ACHV,1.0264
2026-07-01,ZVRA,0.5498
2026-07-01,IOVA,0.5234
2026-07-01,NVDA,0.0418
2026-07-01,AAPL,0.0773
2026-07-01,MSFT,0.0723
2026-07-01,TSLA,0.0469
2026-07-01,META,0.0808
2026-07-01,AMD,0.5768
2026-07-01,MELI,0.5015
2026-07-01,SPY,0.03
2026-07-01,QQQ,0.0303
2026-07-01,SPXL,0.3574
2026-07-01,SPXS,0.4707
2026-07-01,VIXY,0.6392
2026-07-02,CRNX,0.9731
2026-07-02,RCKT,1.4688
2026-07-02,DYN,1.9048
2026-07-02,CADL,1.0869
2026-07-02,AUPH,0.5371
2026-07-02,ACHV,1.2793
2026-07-02,ZVRA,0.7173
2026-07-02,IOVA,3.9844
2026-07-02,NVDA,0.1128
2026-07-02,AAPL,0.0359
2026-07-02,MSFT,0.0834
2026-07-02,TSLA,0.0358
2026-07-02,META,0.0857
2026-07-02,AMD,0.1443
2026-07-02,MELI,0.3223
2026-07-02,SPY,0.0209
2026-07-02,QQQ,0.0236
2026-07-02,SPXL,0.2946
2026-07-02,SPXS,0.1524
2026-07-02,VIXY,0.5293
2026-07-03,CRNX,1.0049
2026-07-03,RCKT,1.5195
2026-07-03,DYN,1.9673
2026-07-03,CADL,1.1221
2026-07-03,AUPH,0.5542
2026-07-03,ACHV,1.3223
2026-07-03,ZVRA,0.7402
2026-07-03,IOVA,1.1094
2026-07-03,NVDA,0.2535
2026-07-03,AAPL,0.19
2026-07-03,MSFT,0.2498
2026-07-03,TSLA,0.342
2026-07-03,META,0.2722
2026-07-03,AMD,0.6843
2026-07-03,MELI,0.4211
2026-07-03,SPY,0.0711
2026-07-03,QQQ,0.1516
2026-07-03,SPXL,0.3791
2026-07-03,SPXS,0.4297
2026-07-03,VIXY,0.5469
2026-07-06,CRNX,1.0767
2026-07-06,RCKT,1.2422
2026-07-06,DYN,2.1821
2026-07-06,CADL,2.3232
2026-07-06,AUPH,0.6431
2026-07-06,ACHV,1.8926
2026-07-06,ZVRA,1.0898
2026-07-06,IOVA,0.8945
2026-07-06,NVDA,0.0557
2026-07-06,AAPL,0.0321
2026-07-06,MSFT,0.0396
2026-07-06,TSLA,0.0233
2026-07-06,META,0.0477
2026-07-06,AMD,0.7589
2026-07-06,MELI,0.5018
2026-07-06,SPY,0.0261
2026-07-06,QQQ,0.0189
2026-07-06,SPXL,0.3334
2026-07-06,SPXS,0.3584
2026-07-06,VIXY,0.7163
2026-07-07,CRNX,0.1023
2026-07-07,RCKT,1.2383
2026-07-07,DYN,2.4224
2026-07-07,CADL,2.5449
2026-07-07,AUPH,0.7246
2026-07-07,ACHV,2.9648
2026-07-07,ZVRA,0.6221
2026-07-07,IOVA,1.2422
2026-07-07,NVDA,0.2754
2026-07-07,AAPL,0.1867
2026-07-07,MSFT,0.2727
2026-07-07,TSLA,0.3718
2026-07-07,META,0.3424
2026-07-07,AMD,0.7581
2026-07-07,MELI,0.4276
2026-07-07,SPY,0.0155
2026-07-07,QQQ,0.0402
2026-07-07,SPXL,0.4653
2026-07-07,SPXS,0.5508
2026-07-07,VIXY,0.5855
2026-07-08,CRNX,0.0972
2026-07-08,RCKT,1.8086
2026-07-08,DYN,2.541
2026-07-08,CADL,2.5615
2026-07-08,AUPH,0.5332
2026-07-08,ACHV,1.5195
2026-07-08,ZVRA,0.9365
2026-07-08,IOVA,3.875
2026-07-08,NVDA,0.0703
2026-07-08,AAPL,0.0576
2026-07-08,MSFT,0.0636
2026-07-08,TSLA,0.0654
2026-07-08,META,0.067
2026-07-08,AMD,0.6961
2026-07-08,MELI,0.5042
2026-07-08,SPY,0.0128
2026-07-08,QQQ,0.0304
2026-07-08,SPXL,0.4601
2026-07-08,SPXS,0.457
2026-07-08,VIXY,0.5337
2026-07-09,CRNX,0.1135
2026-07-09,RCKT,0.9766
2026-07-09,DYN,1.2891
2026-07-09,CADL,1.2051
2026-07-09,AUPH,0.5234
2026-07-09,ACHV,1.1953
2026-07-09,ZVRA,0.8281
2026-07-09,IOVA,2.0469
2026-07-09,NVDA,0.291
2026-07-09,AAPL,0.1808
2026-07-09,MSFT,0.283
2026-07-09,TSLA,0.3418
2026-07-09,META,0.3892
2026-07-09,AMD,0.5854
2026-07-09,MELI,0.3665
2026-07-09,SPY,0.0117
2026-07-09,QQQ,0.0261
2026-07-09,SPXL,0.2863
2026-07-09,SPXS,0.2734
2026-07-09,VIXY,0.6279
2026-07-10,CRNX,0.1174
2026-07-10,RCKT,1.1563
2026-07-10,DYN,2.8638
2026-07-10,CADL,2.6504
2026-07-10,AUPH,0.7402
2026-07-10,ACHV,1.5313
2026-07-10,ZVRA,0.7988
2026-07-10,IOVA,1.8516
2026-07-10,NVDA,0.0606
2026-07-10,AAPL,0.0383
2026-07-10,MSFT,0.0438
2026-07-10,TSLA,0.0355
2026-07-10,META,0.059
2026-07-10,AMD,0.0961
2026-07-10,MELI,0.3446
2026-07-10,SPY,0.0075
2026-07-10,QQQ,0.0083
2026-07-10,SPXL,0.1742
2026-07-10,SPXS,0.2832
2026-07-10,VIXY,0.4248
2026-07-13,CRNX,0.1567
2026-07-13,RCKT,2.7344
2026-07-13,DYN,3.6074
2026-07-13,CADL,1.1016
2026-07-13,AUPH,0.9199
2026-07-13,ACHV,1.75
2026-07-13,ZVRA,1.0156
2026-07-13,IOVA,0.8594
2026-07-13,NVDA,0.096
2026-07-13,AAPL,0.0049
2026-07-13,MSFT,0.0718
2026-07-13,TSLA,0.0219
2026-07-13,META,0.0603
2026-07-13,AMD,0.1193
2026-07-13,MELI,0.4629
2026-07-13,SPY,0.0144
2026-07-13,QQQ,0.0272
2026-07-13,SPXL,0.4321
2026-07-13,SPXS,0.4858
2026-07-13,VIXY,0.5352
2026-07-14,CRNX,0.179
2026-07-14,RCKT,2.4688
2026-07-14,DYN,4.0225
2026-07-14,CADL,3.5352
2026-07-14,AUPH,0.7119
2026-07-14,ACHV,1.3477
2026-07-14,ZVRA,0.5723
2026-07-14,IOVA,0.6563
2026-07-14,NVDA,0.2976
2026-07-14,AAPL,0.1896
2026-07-14,MSFT,0.2946
2026-07-14,TSLA,0.3163
2026-07-14,META,0.3711
2026-07-14,AMD,0.6173
2026-07-14,MELI,0.4569
2026-07-14,SPY,0.0113
2026-07-14,QQQ,0.0147
2026-07-14,SPXL,0.3472
2026-07-14,SPXS,0.3638
2026-07-14,VIXY,0.7012
2026-07-15,CRNX,0.2241
2026-07-15,RCKT,5.6875
2026-07-15,DYN,4.623
2026-07-15,CADL,1.3477
2026-07-15,AUPH,0.5762
2026-07-15,ACHV,4.3242
2026-07-15,ZVRA,0.8242
2026-07-15,IOVA,1.1328
2026-07-15,NVDA,0.0169
2026-07-15,AAPL,0.044
2026-07-15,MSFT,0.0444
2026-07-15,TSLA,0.0629
2026-07-15,META,0.0823
2026-07-15,AMD,0.111
2026-07-15,MELI,0.4688
2026-07-15,SPY,0.0186
2026-07-15,QQQ,0.0169
2026-07-15,SPXL,0.3446
2026-07-15,SPXS,0.4463
2026-07-15,VIXY,0.5859
2026-07-16,CRNX,0.1655
2026-07-16,RCKT,4.9531
2026-07-16,DYN,5.3232
2026-07-16,CADL,1.2695
2026-07-16,AUPH,0.8984
2026-07-16,ACHV,3.5859
2026-07-16,ZVRA,0.748
2026-07-16,IOVA,1.3047
2026-07-16,NVDA,0.3175
2026-07-16,AAPL,0.2433
2026-07-16,MSFT,0.3234
2026-07-16,TSLA,0.3449
2026-07-16,META,0.3705
2026-07-16,AMD,0.6483
2026-07-16,MELI,0.4214
2026-07-16,SPY,0.0247
2026-07-16,QQQ,0.0194
2026-07-16,SPXL,0.467
2026-07-16,SPXS,0.4072
2026-07-16,VIXY,0.9063
2026-07-17,CRNX,0.3823
2026-07-17,RCKT,7.5313
2026-07-17,DYN,8.0508
2026-07-17,CADL,7.1484
2026-07-17,AUPH,0.3731
2026-07-17,ACHV,8.1016
2026-07-17,ZVRA,0.75
2026-07-17,IOVA,0.7188
2026-07-17,NVDA,0.0615
2026-07-17,AAPL,0.0769
2026-07-17,MSFT,0.0647
2026-07-17,TSLA,0.0596
2026-07-17,META,0.079
2026-07-17,AMD,0.233
2026-07-17,MELI,0.2915
2026-07-17,SPY,0.0266
2026-07-17,QQQ,0.0235
2026-07-17,SPXL,0.281
2026-07-17,SPXS,0.4961
2026-07-17,VIXY,0.7988
2026-07-20,CRNX,0.0696
2026-07-20,RCKT,2.0273
2026-07-20,DYN,1.0205
2026-07-20,CADL,1.6582
2026-07-20,AUPH,0.521
2026-07-20,ACHV,0.8828
2026-07-20,ZVRA,0.8872
2026-07-20,IOVA,0.8008
2026-07-20,NVDA,0.0654
2026-07-20,AAPL,0.0337
2026-07-20,MSFT,0.0293
2026-07-20,TSLA,0.0415
2026-07-20,META,0.0625
2026-07-20,AMD,0.111
2026-07-20,MELI,0.4882
2026-07-20,SPY,0.0169
2026-07-20,QQQ,0.0247
2026-07-20,SPXL,0.473
2026-07-20,SPXS,0.4819
2026-07-20,VIXY,0.5669
2026-07-21,CRNX,0.0713
2026-07-21,RCKT,1.3945
2026-07-21,DYN,1.02
2026-07-21,CADL,1.0498
2026-07-21,AUPH,0.5845
2026-07-21,ACHV,0.9219
2026-07-21,ZVRA,0.709
2026-07-21,IOVA,1.0117
2026-07-21,NVDA,0.2666
2026-07-21,AAPL,0.2324
2026-07-21,MSFT,0.2936
2026-07-21,TSLA,0.7111
2026-07-21,META,0.3657
2026-07-21,AMD,0.5975
2026-07-21,MELI,0.4482
2026-07-21,SPY,0.0048
2026-07-21,QQQ,0.0121
2026-07-21,SPXL,0.4677
2026-07-21,SPXS,0.3799
2026-07-21,VIXY,0.5923
2026-07-22,CRNX,0.1117
2026-07-22,RCKT,1.2031
2026-07-22,DYN,0.8489
2026-07-22,CADL,1.0313
2026-07-22,AUPH,0.5913
2026-07-22,ACHV,0.8066
2026-07-22,ZVRA,0.668
2026-07-22,IOVA,1.0156
2026-07-22,NVDA,0.1067
2026-07-22,AAPL,0.1067
2026-07-22,MSFT,0.2307
2026-07-22,TSLA,0.8145
2026-07-22,META,0.1956
2026-07-22,AMD,0.2163
2026-07-22,MELI,0.5431
2026-07-22,SPY,0.0655
2026-07-22,QQQ,0.0954
2026-07-22,SPXL,0.5018
2026-07-22,SPXS,0.4561
2026-07-22,VIXY,0.5864
2026-07-23,CRNX,0.0599
2026-07-23,RCKT,1.7402
2026-07-23,DYN,1.0059
2026-07-23,CADL,1.0855
2026-07-23,AUPH,0.5542
2026-07-23,ACHV,1.0781
2026-07-23,ZVRA,0.8481
2026-07-23,IOVA,0.9375
2026-07-23,NVDA,0.2781
2026-07-23,AAPL,0.2174
2026-07-23,MSFT,0.2692
2026-07-23,TSLA,0.4869
2026-07-23,META,0.3557
2026-07-23,AMD,0.7426
2026-07-23,MELI,0.4915
2026-07-23,SPY,0.0418
2026-07-23,QQQ,0.1038
2026-07-23,SPXL,0.5275
2026-07-23,SPXS,0.5234
2026-07-23,VIXY,0.6289
2026-07-24,CRNX,0.0792
2026-07-24,RCKT,1.2813
2026-07-24,DYN,0.9778
2026-07-24,CADL,1.376
2026-07-24,AUPH,0.8179
2026-07-24,ACHV,1.4785
2026-07-24,ZVRA,1.2949
2026-07-24,IOVA,0.4844
2026-07-24,NVDA,0.0252
2026-07-24,AAPL,0.0474
2026-07-24,MSFT,0.0659
2026-07-24,TSLA,0.0918
2026-07-24,META,0.0834
2026-07-24,AMD,0.1384
2026-07-24,MELI,0.3367
2026-07-24,SPY,0.0203
2026-07-24,QQQ,0.0239
2026-07-24,SPXL,0.3854
2026-07-24,SPXS,0.4356
2026-07-24,VIXY,0.5776
2026-07-27,CRNX,0.0808
2026-07-27,RCKT,4.4141
2026-07-27,DYN,1.0908
2026-07-27,CADL,0.8496
2026-07-27,AUPH,0.6904
2026-07-27,ACHV,1.1484
2026-07-27,ZVRA,0.6953
2026-07-27,IOVA,1.0703
2026-07-27,NVDA,0.1655
2026-07-27,AAPL,0.0479
2026-07-27,MSFT,0.0447
2026-07-27,TSLA,0.073
2026-07-27,META,0.0756
2026-07-27,AMD,0.1292
2026-07-27,MELI,0.4843
2026-07-27,SPY,0.018
2026-07-27,QQQ,0.024
2026-07-27,SPXL,0.5284
2026-07-27,SPXS,0.6621
2026-07-27,VIXY,0.6401
2026-07-28,CRNX,0.0764
2026-07-28,RCKT,1.8203
2026-07-28,DYN,1.1597
2026-07-28,CADL,1.2031
2026-07-28,AUPH,0.6079
2026-07-28,ACHV,0.9727
2026-07-28,ZVRA,0.7588
2026-07-28,IOVA,2.1758
2026-07-28,NVDA,0.3563
2026-07-28,AAPL,0.2246
2026-07-28,MSFT,0.8631
2026-07-28,TSLA,0.3882
2026-07-28,META,0.9948
2026-07-28,AMD,0.6868
2026-07-28,MELI,0.51
2026-07-28,SPY,0.0171
2026-07-28,QQQ,0.0293
2026-07-28,SPXL,0.5246
2026-07-28,SPXS,0.5234
2026-07-28,VIXY,0.7026
2026-07-29,CRNX,0.1005
2026-07-29,RCKT,1.2617
2026-07-29,DYN,1.0742
2026-07-29,CADL,0.9141
2026-07-29,AUPH,0.5249
2026-07-29,ACHV,1.6504
2026-07-29,ZVRA,0.7998
2026-07-29,IOVA,1.0586
2026-07-29,NVDA,0.1763
2026-07-29,AAPL,0.0711
2026-07-29,MSFT,0.9707
2026-07-29,TSLA,0.1022
2026-07-29,META,1.1909
2026-07-29,AMD,0.3237
2026-07-29,MELI,0.4812
2026-07-29,SPY,0.0413
2026-07-29,QQQ,0.0725
2026-07-29,SPXL,0.597
2026-07-29,SPXS,0.541
2026-07-29,VIXY,0.6616
2026-07-30,CRNX,0.0591
2026-07-30,RCKT,4.7852
2026-07-30,DYN,1.1855
2026-07-30,CADL,0.8672
2026-07-30,AUPH,0.6328
2026-07-30,ACHV,0.8594
2026-07-30,ZVRA,0.8535
2026-07-30,IOVA,0.9375
2026-07-30,NVDA,0.3359
2026-07-30,AAPL,0.641
2026-07-30,MSFT,0.4215
2026-07-30,TSLA,0.3881
2026-07-30,META,0.4183
2026-07-30,AMD,0.7058
2026-07-30,MELI,0.3987
2026-07-30,SPY,0.0621
2026-07-30,QQQ,0.0819
2026-07-30,SPXL,0.5087
2026-07-30,SPXS,0.5908
2026-07-30,VIXY,0.6116
2026-07-31,CRNX,0.0628
2026-07-31,RCKT,1.3555
2026-07-31,DYN,0.8496
2026-07-31,CADL,1.0361
2026-07-31,AUPH,0.6147
2026-07-31,ACHV,1.4297
2026-07-31,ZVRA,1.5537
2026-07-31,IOVA,0.9844
2026-07-31,NVDA,0.0845
2026-07-31,AAPL,0.1107
2026-07-31,MSFT,0.0801
2026-07-31,TSLA,0.1127
2026-07-31,META,0.0812
2026-07-31,AMD,0.1814
2026-07-31,MELI,0.3115
2026-07-31,SPY,0.0199
2026-07-31,QQQ,0.023
2026-07-31,SPXL,0.381
2026-07-31,SPXS,0.4492
2026-07-31,VIXY,0.5454
2026-08-03,CRNX,0.0723
2026-08-03,RCKT,2.4844
2026-08-03,DYN,0.7905
2026-08-03,CADL,1.0566
2026-08-03,AUPH,0.648
2026-08-03,ACHV,1.209
2026-08-03,ZVRA,0.9746
2026-08-03,IOVA,2.1016
2026-08-03,NVDA,0.0762
2026-08-03,AAPL,0.0656
2026-08-03,MSFT,0.0735
2026-08-03,TSLA,0.0454
2026-08-03,META,0.0824
2026-08-03,AMD,0.0833
2026-08-03,MELI,0.8533
2026-08-03,SPY,0.0117
2026-08-03,QQQ,0.0231
2026-08-03,SPXL,0.3213
2026-08-03,SPXS,0.3989
2026-08-03,VIXY,0.5537
2026-08-04,CRNX,0.0864
2026-08-04,RCKT,1.5117
2026-08-04,DYN,1.4072
2026-08-04,CADL,0.7666
2026-08-04,AUPH,0.6035
2026-08-04,ACHV,1.6152
2026-08-04,ZVRA,0.8564
2026-08-04,IOVA,2.3477
2026-08-04,NVDA,0.3236
2026-08-04,AAPL,0.2418
2026-08-04,MSFT,0.3163
2026-08-04,TSLA,0.4473
2026-08-04,META,0.3585
2026-08-04,AMD,1.3665
2026-08-04,MELI,0.937
2026-08-04,SPY,0.0352
2026-08-04,QQQ,0.06
2026-08-04,SPXL,0.4486
2026-08-04,SPXS,0.4014
2026-08-04,VIXY,0.5425
2026-08-05,CRNX,0.1226
2026-08-05,RCKT,1.2109
2026-08-05,DYN,1.377
2026-08-05,CADL,1.1172
2026-08-05,AUPH,0.6523
2026-08-05,ACHV,0.7773
2026-08-05,ZVRA,0.7129
2026-08-05,IOVA,5.2266
2026-08-05,NVDA,0.0552
2026-08-05,AAPL,0.0698
2026-08-05,MSFT,0.1046
2026-08-05,TSLA,0.0698
2026-08-05,META,0.1141
2026-08-05,AMD,0.1688
2026-08-05,MELI,0.9779
2026-08-05,SPY,0.033
2026-08-05,QQQ,0.046
2026-08-05,SPXL,0.4752
2026-08-05,SPXS,0.4043
2026-08-05,VIXY,0.5674
2026-08-07,CRNX,0.1328
2026-08-07,RCKT,2.4844
2026-08-07,DYN,1.5273
2026-08-07,CADL,0.9102
2026-08-07,AUPH,0.6289
2026-08-07,ACHV,0.793
2026-08-07,ZVRA,1.3164
2026-08-07,IOVA,1.3047
2026-08-07,NVDA,0.095
2026-08-07,AAPL,0.0514
2026-08-07,MSFT,0.0565
2026-08-07,TSLA,0.0635
2026-08-07,META,0.0683
2026-08-07,AMD,0.1176
2026-08-07,MELI,0.3012
2026-08-07,SPY,0.012
2026-08-07,QQQ,0.0142
2026-08-07,SPXL,0.4039
2026-08-07,SPXS,0.3457
2026-08-07,VIXY,0.5523
2026-08-10,CRNX,0.1504
2026-08-10,RCKT,1.4453
2026-08-10,DYN,1.3096
2026-08-10,CADL,1.168
2026-08-10,AUPH,0.8008
2026-08-10,ACHV,0.8379
2026-08-10,ZVRA,0.6982
2026-08-10,IOVA,0.9043
2026-08-10,NVDA,0.0283
2026-08-10,AAPL,0.0371
2026-08-10,MSFT,0.0534
2026-08-10,TSLA,0.0509
2026-08-10,META,0.0369
2026-08-10,AMD,0.0899
2026-08-10,MELI,0.4408
2026-08-10,SPY,0.0079
2026-08-10,QQQ,0.0118
2026-08-10,SPXL,0.3789
2026-08-10,SPXS,0.3482
2026-08-10,VIXY,0.5635
2026-08-11,CRNX,0.1063
2026-08-11,RCKT,1.7266
2026-08-11,DYN,1.3325
2026-08-11,CADL,1.1094
2026-08-11,AUPH,0.748
2026-08-11,ACHV,0.8867
2026-08-11,ZVRA,0.5547
2026-08-11,IOVA,0.5977
2026-08-11,NVDA,0.2858
2026-08-11,AAPL,0.1843
2026-08-11,MSFT,0.2091
2026-08-11,TSLA,0.2949
2026-08-11,META,0.2888
2026-08-11,AMD,0.4758
2026-08-11,MELI,0.4678
2026-08-11,SPY,0.0089
2026-08-11,QQQ,0.0176
2026-08-11,SPXL,0.482
2026-08-11,SPXS,0.418
2026-08-11,VIXY,0.4629
2026-08-12,CRNX,0.1146
2026-08-12,RCKT,1.5859
2026-08-12,DYN,1.5513
2026-08-12,CADL,0.8965
2026-08-12,AUPH,0.6982
2026-08-12,ACHV,0.9258
2026-08-12,ZVRA,0.7373
2026-08-12,IOVA,0.6641
2026-08-12,NVDA,0.1106
2026-08-12,AAPL,0.046
2026-08-12,MSFT,0.0427
2026-08-12,TSLA,0.03
2026-08-12,META,0.0577
2026-08-12,AMD,0.1149
2026-08-12,MELI,0.4126
2026-08-12,SPY,0.0216
2026-08-12,QQQ,0.0258
2026-08-12,SPXL,0.3134
2026-08-12,SPXS,0.2871
2026-08-12,VIXY,0.4961
