ticker,sector
ADBE,Information Technology
AMD,Information Technology
ABNB,Consumer Discretionary
ALNY,Health Care
GOOGL,Communication Services
GOOG,Communication Services
AMZN,Consumer Discretionary
AEP,Utilities
AMGN,Health Care
ADI,Information Technology
AAPL,Information Technology
AMAT,Information Technology
APP,Communication Services
ARM,Information Technology
ASML,Information Technology
ALAB,Information Technology
ADSK,Information Technology
ADP,Industrials
AXON,Industrials
BKR,Energy
BKNG,Consumer Discretionary
AVGO,Information Technology
CDNS,Information Technology
CTAS,Industrials
CSCO,Information Technology
CCEP,Consumer Staples
CMCSA,Communication Services
CEG,Utilities
CPRT,Industrials
CRWV,Information Technology
COST,Consumer Staples
CRWD,Information Technology
CSX,Industrials
DDOG,Information Technology
DXCM,Health Care
FANG,Energy
DASH,Consumer Discretionary
EA,Consumer Discretionary
EXC,Utilities
FAST,Industrials
FER,Industrials
FTNT,Information Technology
GEHC,Health Care
GILD,Health Care
HON,Industrials
IDXX,Health Care
INTC,Information Technology
INTU,Information Technology
ISRG,Health Care
KDP,Consumer Staples
KLAC,Information Technology
KHC,Consumer Staples
LRCX,Information Technology
LIN,Materials
LITE,Information Technology
MAR,Consumer Discretionary
MRVL,Information Technology
MELI,Consumer Discretionary
META,Communication Services
MCHP,Information Technology
MU,Information Technology
MSFT,Information Technology
MSTR,Information Technology
MDLZ,Consumer Staples
MPWR,Information Technology
MNST,Consumer Staples
NBIS,Information Technology
NFLX,Communication Services
NVDA,Information Technology
NXPI,Information Technology
ORLY,Consumer Discretionary
ODFL,Industrials
PCAR,Industrials
PLTR,Information Technology
PANW,Information Technology
PAYX,Industrials
PYPL,Financials
PDD,Information Technology
PEP,Consumer Staples
QCOM,Information Technology
REGN,Health Care
RKLB,Industrials
ROP,Information Technology
ROST,Consumer Discretionary
SNDK,Information Technology
STX,Information Technology
SHOP,Information Technology
SBUX,Consumer Discretionary
SNPS,Information Technology
TMUS,Communication Services
TTWO,Communication Services
TER,Information Technology
TSLA,Consumer Discretionary
TXN,Information Technology
TRI,Information Technology
VRTX,Health Care
WMT,Consumer Staples
WBD,Communication Services
WDC,Information Technology
WDAY,Information Technology
XEL,Utilities
