date,ticker,direction,score,signal,entrada,flujo_confirmado,pre_alerta,catalyst,sector,price,squeeze
2026-10-01,MRK,ALCISTA,45.0,MEDIA,False,False,True,PDUFA,Health Care,143.81,
2026-10-01,AMGN,ALCISTA,41.0,MEDIA,False,False,False,Ensayo Fase 3,Health Care,407.99,MEDIO
2026-10-01,ABBV,BAJISTA,7.3,BAJA,False,False,True,Ensayo Fase 2,Health Care,259.93,
2026-10-01,ADI,BAJISTA,4.0,BAJA,False,False,True,,Information Technology,405.31,
2026-10-01,HBAN,ALCISTA,27.1,BAJA,False,False,True,Resultados,Financials,15.24,
2026-10-01,T,BAJISTA,12.8,BAJA,False,False,True,Resultados,Communication Services,24.36,
2026-10-01,CTVA,ALCISTA,31.8,MEDIA,False,False,True,Resultados,Materials,12.81,
2026-10-01,SMMT,ALCISTA,55.1,ALTA,False,True,False,PDUFA,Health Care,16.79,MEDIO
2026-10-01,PG,ALCISTA,44.5,MEDIA,False,False,True,Resultados,Consumer Staples,143.97,
2026-10-01,BLK,ALCISTA,38.1,MEDIA,False,False,True,Resultados,Financials,1064.36,
2026-10-01,LHX,BAJISTA,36.4,MEDIA,False,False,True,Resultados,Industrials,238.4,
2026-10-01,SOLS,BAJISTA,35.3,MEDIA,False,False,True,Resultados,Materials,56.62,
2026-10-01,TMO,ALCISTA,35.2,MEDIA,False,False,False,Resultados,Health Care,652.51,
2026-10-01,PCG,BAJISTA,32.8,MEDIA,False,False,True,Resultados,Utilities,12.15,
2026-10-01,MCHP,ALCISTA,32.7,MEDIA,False,False,False,Resultados,Information Technology,78.5,MEDIO
2026-10-01,FE,ALCISTA,32.2,MEDIA,False,False,False,Resultados,Utilities,43.39,
2026-10-01,DAL,ALCISTA,31.7,MEDIA,False,False,False,Resultados,Industrials,85.58,
2026-10-01,MCD,BAJISTA,31.1,MEDIA,False,False,True,Resultados,Consumer Discretionary,232.47,
2026-10-01,IT,ALCISTA,30.9,MEDIA,False,False,False,Resultados,Information Technology,192.8,MEDIO
2026-10-01,ECHO,BAJISTA,30.6,MEDIA,False,False,False,Resultados,Communication Services,88.52,
2026-10-01,LIN,ALCISTA,29.2,BAJA,False,False,True,Resultados,Materials,469.45,
2026-10-01,MPC,BAJISTA,27.8,BAJA,False,False,True,Resultados,Energy,413.68,
2026-10-01,CCI,BAJISTA,27.3,BAJA,False,False,True,Resultados,Real Estate,66.12,
2026-10-01,CSCO,BAJISTA,27.2,BAJA,False,False,True,Resultados,Information Technology,109.12,
2026-10-01,BE,ALCISTA,26.5,BAJA,False,False,True,Resultados,Industrials,280.13,
2026-10-01,PLD,BAJISTA,26.2,BAJA,False,False,True,Resultados,Real Estate,128.18,
2026-10-01,AMD,ALCISTA,25.0,BAJA,False,False,True,Resultados,Information Technology,625.08,
2026-10-01,JPM,ALCISTA,24.8,BAJA,False,False,True,Resultados,Financials,334.4,
2026-10-01,COIN,ALCISTA,23.8,BAJA,False,False,True,Resultados,Financials,194.7,
2026-10-01,RYN,BAJISTA,23.6,BAJA,False,False,True,Resultados,Real Estate,18.22,
2026-10-01,NEE,BAJISTA,22.4,BAJA,False,False,True,Resultados,Utilities,76.47,
2026-10-01,PPL,BAJISTA,22.3,BAJA,False,False,True,Resultados,Utilities,32.76,
2026-10-01,HD,BAJISTA,22.2,BAJA,False,False,True,,Consumer Discretionary,284.85,
2026-10-01,AMAT,ALCISTA,22.1,BAJA,False,False,True,Resultados,Information Technology,539.0,
2026-10-01,AAPL,BAJISTA,21.8,BAJA,False,False,True,Resultados,Information Technology,331.47,
2026-10-01,CEG,BAJISTA,21.4,BAJA,False,False,True,Resultados,Utilities,260.77,
2026-10-01,FISV,ALCISTA,21.3,BAJA,False,False,True,Resultados,Financials,45.71,
2026-10-01,PYPL,ALCISTA,21.0,BAJA,False,False,True,Resultados,Financials,53.14,
2026-10-01,LOW,BAJISTA,20.9,BAJA,False,False,True,,Consumer Discretionary,182.38,
2026-10-01,INTC,ALCISTA,20.1,BAJA,False,False,True,Resultados,Information Technology,122.13,
2026-10-01,AWK,BAJISTA,19.0,BAJA,False,False,True,Resultados,Utilities,127.86,
2026-10-01,XOM,BAJISTA,19.0,BAJA,False,False,True,Resultados,Energy,162.45,
2026-10-01,MDT,BAJISTA,18.0,BAJA,False,False,True,Resultados,Health Care,86.56,
2026-10-01,NVDA,BAJISTA,17.8,BAJA,False,False,True,,Information Technology,234.73,
2026-10-01,AVGO,ALCISTA,17.6,BAJA,False,False,True,,Information Technology,347.36,
2026-10-01,VST,BAJISTA,17.3,BAJA,False,False,True,,Utilities,140.89,
2026-10-01,BAC,BAJISTA,17.1,BAJA,False,False,True,,Financials,53.93,
2026-10-01,PEP,BAJISTA,16.7,BAJA,False,False,True,,Consumer Staples,126.0,
2026-10-01,GOOG,BAJISTA,16.3,BAJA,False,False,True,Resultados,Communication Services,336.45,
2026-10-01,GPN,ALCISTA,15.5,BAJA,False,False,True,,Financials,80.29,
2026-10-01,APH,ALCISTA,14.9,BAJA,False,False,True,Resultados,Information Technology,85.67,
2026-10-01,CRWD,ALCISTA,14.7,BAJA,False,False,True,,Information Technology,268.09,
2026-10-01,O,BAJISTA,14.2,BAJA,False,False,True,Resultados,Real Estate,53.78,
2026-10-01,HL,ALCISTA,14.2,BAJA,False,False,True,,Materials,17.03,
2026-10-01,WMB,ALCISTA,13.7,BAJA,False,False,True,,Energy,69.22,
2026-10-01,APO,ALCISTA,13.6,BAJA,False,False,True,,Financials,115.99,
2026-10-01,SBAC,BAJISTA,13.4,BAJA,False,False,True,,Real Estate,158.02,
2026-10-01,COST,BAJISTA,13.2,BAJA,False,False,True,,Consumer Staples,915.4,
2026-10-01,ROL,BAJISTA,13.1,BAJA,False,False,True,Resultados,Industrials,30.57,
2026-10-01,GWW,BAJISTA,13.0,BAJA,False,False,True,,Industrials,1281.68,
2026-10-01,WMT,BAJISTA,12.9,BAJA,False,False,True,,Consumer Staples,104.6,
2026-10-01,JNJ,BAJISTA,12.5,BAJA,False,False,True,,Health Care,260.21,
2026-10-01,AMZN,BAJISTA,12.4,BAJA,False,False,True,Resultados,Consumer Discretionary,249.75,
2026-10-01,CLF,ALCISTA,11.9,BAJA,False,False,True,Resultados,Materials,11.5,
2026-10-01,TLN,BAJISTA,11.8,BAJA,False,False,True,,Utilities,324.0,
2026-10-01,MNST,ALCISTA,11.6,BAJA,False,False,True,Resultados,Consumer Staples,42.09,
2026-10-01,HOOD,BAJISTA,11.1,BAJA,False,False,True,Resultados,Financials,113.05,
2026-10-01,SCHW,ALCISTA,11.1,BAJA,False,False,True,,Financials,98.5,
2026-10-01,HWM,BAJISTA,11.1,BAJA,False,False,True,Resultados,Industrials,229.5,
2026-10-01,KO,BAJISTA,10.4,BAJA,False,False,True,Resultados,Consumer Staples,86.38,
2026-10-01,CDE,ALCISTA,10.1,BAJA,False,False,True,Resultados,Materials,17.53,
2026-10-01,COP,ALCISTA,9.8,BAJA,False,False,True,,Energy,127.06,
2026-10-01,ABNB,BAJISTA,9.7,BAJA,False,False,True,Resultados,Consumer Discretionary,163.9,
2026-10-01,ALL,BAJISTA,9.7,BAJA,False,False,True,,Financials,224.41,
2026-10-01,IP,ALCISTA,9.6,BAJA,False,False,True,Resultados,Materials,32.52,
2026-10-01,DIS,BAJISTA,9.3,BAJA,False,False,True,Resultados,Communication Services,101.41,
2026-10-01,ALNY,BAJISTA,9.3,BAJA,False,False,True,Resultados,Health Care,231.54,
2026-10-01,V,BAJISTA,8.5,BAJA,False,False,True,Resultados,Financials,360.94,
2026-10-01,VRTX,BAJISTA,7.6,BAJA,False,False,True,,Health Care,508.76,
2026-10-01,NLY,ALCISTA,7.6,BAJA,False,False,True,,Financials,18.85,
2026-10-01,EMR,BAJISTA,6.9,BAJA,False,False,True,,Industrials,158.57,
2026-10-01,FN,BAJISTA,6.1,BAJA,False,False,True,,Information Technology,453.0,
2026-10-01,OKTA,BAJISTA,3.0,BAJA,False,False,True,,Information Technology,215.0,
2026-10-02,GOOGL,BAJISTA,57.8,ALTA,True,True,False,Resultados,Communication Services,344.51,
2026-10-02,MRVL,BAJISTA,32.2,MEDIA,False,True,False,,Information Technology,276.35,
2026-10-02,FCX,ALCISTA,19.8,BAJA,False,False,True,,Materials,71.67,
2026-10-02,VRTX,ALCISTA,18.5,BAJA,False,False,True,,Health Care,502.0,
2026-10-02,NVDA,ALCISTA,44.9,MEDIA,False,False,False,,Information Technology,236.85,
2026-10-02,SMCI,ALCISTA,40.0,MEDIA,False,False,False,Resultados,Information Technology,44.07,MEDIO
2026-10-02,KKR,ALCISTA,35.3,MEDIA,False,False,True,Resultados,Financials,91.82,
2026-10-02,PSKY,ALCISTA,30.8,MEDIA,False,True,False,,Communication Services,9.61,MEDIO
2026-10-02,MS,BAJISTA,30.4,MEDIA,False,True,False,,Financials,191.07,
2026-10-02,TWLO,ALCISTA,51.3,MEDIA,False,True,False,Resultados,Information Technology,293.37,
2026-10-02,ALAB,ALCISTA,51.1,MEDIA,False,False,False,Resultados,Information Technology,355.4,
2026-10-02,CMI,ALCISTA,48.6,MEDIA,False,False,False,Resultados,Industrials,526.1,
2026-10-02,HPE,BAJISTA,39.9,MEDIA,False,False,False,,Information Technology,69.72,
2026-10-02,FDX,ALCISTA,35.9,MEDIA,False,True,False,Resultados,Industrials,288.88,
2026-10-02,AVGO,BAJISTA,35.0,MEDIA,False,False,False,,Information Technology,352.4,
2026-10-02,MSTR,ALCISTA,34.3,MEDIA,False,False,False,Resultados,Information Technology,157.29,
2026-10-02,KKR,BAJISTA,34.1,MEDIA,False,False,False,Resultados,Financials,91.35,
2026-10-02,ARM,ALCISTA,33.6,MEDIA,False,False,False,,Information Technology,310.27,
2026-10-02,MELI,ALCISTA,33.3,MEDIA,False,False,False,Resultados,Consumer Discretionary,1682.64,
2026-10-02,BSX,ALCISTA,33.2,MEDIA,False,True,False,Resultados,Health Care,43.12,
2026-10-02,PFE,ALCISTA,33.1,MEDIA,False,False,False,Ensayo Fase 2,Health Care,27.56,
2026-10-02,LULU,ALCISTA,31.6,MEDIA,False,True,False,,Consumer Discretionary,94.47,MEDIO
2026-10-02,APP,BAJISTA,31.3,MEDIA,False,False,False,,Communication Services,271.18,
2026-10-02,JPM,BAJISTA,31.3,MEDIA,False,False,False,Resultados,Financials,331.19,
2026-10-02,AON,ALCISTA,28.9,BAJA,False,False,True,Resultados,Financials,270.98,
2026-10-02,XOM,ALCISTA,28.7,BAJA,False,False,True,Resultados,Energy,164.28,
2026-10-02,OTIS,ALCISTA,27.3,BAJA,False,False,True,Resultados,Industrials,63.77,
2026-10-02,MCO,ALCISTA,24.7,BAJA,False,False,True,Resultados,Financials,440.33,
2026-10-02,CVX,ALCISTA,21.7,BAJA,False,False,True,Resultados,Energy,207.0,
2026-10-02,FIS,ALCISTA,19.9,BAJA,False,False,True,Resultados,Financials,32.4,
2026-10-02,ARES,ALCISTA,15.4,BAJA,False,False,True,Resultados,Financials,118.72,
2026-10-02,CBOE,BAJISTA,15.2,BAJA,False,False,True,Resultados,Financials,273.88,
2026-10-02,MCK,ALCISTA,14.1,BAJA,False,False,True,,Health Care,892.46,
2026-10-02,CHTR,BAJISTA,62.6,ALTA,False,True,False,Resultados,Communication Services,109.29,
2026-10-02,FSLR,BAJISTA,60.1,ALTA,False,True,False,Resultados,Information Technology,174.61,
2026-10-02,XBI,BAJISTA,59.8,ALTA,False,False,False,,ETF,154.21,
2026-10-02,DIA,BAJISTA,57.8,ALTA,True,True,False,,ETF,511.1,
2026-10-02,IWM,BAJISTA,54.1,MEDIA,False,False,True,,ETF,281.52,
2026-10-02,RUT,BAJISTA,52.9,MEDIA,True,True,False,,Indice,2832.89,
2026-10-02,MTZ,BAJISTA,52.5,MEDIA,False,True,False,Resultados,Industrials,215.93,
2026-10-02,CRWV,BAJISTA,51.6,MEDIA,False,True,False,Resultados,Information Technology,89.4,
2026-10-02,MSI,BAJISTA,51.0,MEDIA,False,True,False,Resultados,Information Technology,447.41,
2026-10-02,BMY,BAJISTA,50.7,MEDIA,False,True,False,Ensayo Fase 3,Health Care,61.02,
2026-10-02,LRCX,BAJISTA,50.6,MEDIA,True,True,False,Resultados,Information Technology,347.75,
2026-10-02,TLT,BAJISTA,50.5,MEDIA,False,False,False,,ETF,77.53,
2026-10-02,HAL,BAJISTA,47.9,MEDIA,False,True,False,Resultados,Energy,31.95,
2026-10-02,KRE,BAJISTA,47.0,MEDIA,False,True,False,,ETF,70.78,
2026-10-02,DELL,BAJISTA,45.8,MEDIA,False,True,False,,Information Technology,562.99,
2026-10-02,TTWO,BAJISTA,45.5,MEDIA,False,True,False,Resultados,Communication Services,202.75,
2026-10-02,NFLX,ALCISTA,45.2,MEDIA,True,True,False,Resultados,Communication Services,67.07,
2026-10-02,TMUS,BAJISTA,44.0,MEDIA,False,False,False,Resultados,Communication Services,163.64,
2026-10-02,UNH,BAJISTA,44.0,MEDIA,False,True,False,Resultados,Health Care,371.9,
2026-10-02,CRM,BAJISTA,43.5,MEDIA,False,True,False,,Information Technology,234.85,
2026-10-02,CVNA,BAJISTA,43.4,MEDIA,False,True,False,Resultados,Consumer Discretionary,63.79,
2026-10-02,DYN,BAJISTA,43.3,MEDIA,False,False,False,Resultados,Health Care,15.28,
2026-10-02,NBIS,ALCISTA,43.3,MEDIA,False,False,False,Resultados,Information Technology,242.98,MEDIO
2026-10-02,STX,BAJISTA,42.8,MEDIA,False,False,False,Resultados,Information Technology,847.0,
2026-10-02,SPX,BAJISTA,42.7,MEDIA,False,True,False,,Indice,7722.72,
2026-10-02,BX,BAJISTA,42.4,MEDIA,False,True,False,Resultados,Financials,112.18,
2026-10-02,BA,BAJISTA,42.3,MEDIA,False,False,False,Resultados,Industrials,193.8,
2026-10-02,AXP,BAJISTA,42.1,MEDIA,False,True,False,Resultados,Financials,302.96,
2026-10-02,COHR,BAJISTA,41.8,MEDIA,False,False,False,Resultados,Information Technology,337.49,
2026-10-02,SLV,BAJISTA,41.5,MEDIA,False,True,False,,ETF,54.74,
2026-10-02,UTHR,ALCISTA,41.4,MEDIA,False,True,False,Resultados,Health Care,541.7,
2026-10-02,SHOP,ALCISTA,40.5,MEDIA,False,True,False,Resultados,Information Technology,151.59,
2026-10-02,SPY,BAJISTA,40.0,MEDIA,False,False,True,,ETF,769.64,
2026-10-02,ACN,ALCISTA,39.3,MEDIA,False,False,False,,Information Technology,199.51,
2026-10-02,MRNA,ALCISTA,39.3,MEDIA,False,True,False,Resultados,Health Care,189.64,
2026-10-02,TSLA,BAJISTA,39.1,MEDIA,False,False,False,Resultados,Consumer Discretionary,371.43,
2026-10-02,GOOGL,ALCISTA,39.0,MEDIA,False,True,False,Resultados,Communication Services,343.25,
2026-10-02,SNDK,BAJISTA,38.6,MEDIA,False,False,False,Resultados,Information Technology,1717.66,
2026-10-02,VLO,BAJISTA,38.6,MEDIA,False,True,False,Resultados,Energy,406.3,
2026-10-02,ON,BAJISTA,38.5,MEDIA,False,True,False,Resultados,Information Technology,85.0,
2026-10-02,INCY,ALCISTA,38.4,MEDIA,False,False,False,Ensayo Fase 3,Health Care,115.3,MEDIO
2026-10-02,CDNS,BAJISTA,38.1,MEDIA,False,False,False,Resultados,Information Technology,350.2,
2026-10-02,AMZN,ALCISTA,38.0,MEDIA,False,False,False,Resultados,Consumer Discretionary,251.39,
2026-10-02,CI,BAJISTA,37.5,MEDIA,False,True,False,Resultados,Health Care,270.53,
2026-10-02,NKE,BAJISTA,37.4,MEDIA,False,False,False,,Consumer Discretionary,33.86,
2026-10-02,GLD,BAJISTA,37.3,MEDIA,False,False,False,,ETF,380.14,
2026-10-02,UBER,BAJISTA,37.2,MEDIA,False,True,False,Resultados,Industrials,68.01,
2026-10-02,MAT,ALCISTA,37.1,MEDIA,False,False,False,Resultados,Consumer Discretionary,15.25,MEDIO
2026-10-02,MA,BAJISTA,37.0,MEDIA,False,False,False,Resultados,Financials,552.26,
2026-10-02,PFE,BAJISTA,36.8,MEDIA,False,False,False,Ensayo Fase 2,Health Care,27.8,
2026-10-02,USO,BAJISTA,36.7,MEDIA,False,False,False,,ETF,147.37,
2026-10-02,MRVL,ALCISTA,36.5,MEDIA,False,False,False,,Information Technology,273.04,
2026-10-02,SOFI,BAJISTA,36.4,MEDIA,False,False,False,Resultados,Financials,15.75,
2026-10-02,BURL,BAJISTA,36.2,MEDIA,False,True,False,,Consumer Discretionary,275.34,
2026-10-02,KLAC,BAJISTA,36.0,MEDIA,False,True,False,Resultados,Information Technology,207.01,
2026-10-02,MKC,ALCISTA,35.9,MEDIA,False,True,False,,Consumer Staples,44.67,MEDIO
2026-10-02,SMH,ALCISTA,35.6,MEDIA,False,True,False,,ETF,630.75,
2026-10-02,NDX,BAJISTA,35.2,MEDIA,False,True,False,,Indice,30807.93,
2026-10-02,IBM,BAJISTA,34.9,MEDIA,False,False,True,Resultados,Information Technology,222.55,
2026-10-02,QQQ,BAJISTA,34.6,MEDIA,False,False,True,,ETF,749.55,
2026-10-02,VIX,ALCISTA,34.4,MEDIA,False,True,False,OPEX,Indice,15.31,
2026-10-02,CVS,BAJISTA,34.4,MEDIA,False,False,False,Resultados,Health Care,86.93,
2026-10-02,XLE,BAJISTA,33.9,MEDIA,False,True,False,,ETF,62.82,
2026-10-02,BRK.B,BAJISTA,33.8,MEDIA,False,True,False,,Financials,502.28,
2026-10-02,BE,BAJISTA,33.8,MEDIA,False,False,False,Resultados,Industrials,287.22,
2026-10-02,CRWD,BAJISTA,33.8,MEDIA,False,True,False,,Information Technology,270.0,
2026-10-02,LITE,BAJISTA,33.7,MEDIA,False,False,False,Resultados,Information Technology,1087.72,
2026-10-02,GLW,BAJISTA,33.4,MEDIA,False,False,False,Resultados,Information Technology,164.66,
2026-10-02,META,ALCISTA,32.9,MEDIA,False,False,False,Resultados,Communication Services,727.65,
2026-10-02,RDDT,BAJISTA,32.8,MEDIA,False,True,False,Resultados,Communication Services,147.49,
2026-10-02,NXPI,ALCISTA,32.5,MEDIA,False,True,False,Resultados,Information Technology,243.66,
2026-10-02,FICO,ALCISTA,32.4,MEDIA,False,True,False,,Information Technology,661.35,
2026-10-02,PLTR,BAJISTA,32.3,MEDIA,False,False,False,Resultados,Information Technology,188.7,
2026-10-02,HYG,BAJISTA,32.2,MEDIA,False,False,False,,ETF,76.91,
2026-10-02,CHH,ALCISTA,32.2,MEDIA,False,False,False,,Consumer Discretionary,102.5,MEDIO
2026-10-02,MSFT,BAJISTA,32.1,MEDIA,False,True,False,Resultados,Information Technology,517.19,
2026-10-02,APTV,BAJISTA,32.0,MEDIA,False,False,False,Resultados,Consumer Discretionary,43.46,
2026-10-02,GEHC,BAJISTA,31.9,MEDIA,False,False,False,Resultados,Health Care,64.29,
2026-10-02,SMCI,BAJISTA,31.9,MEDIA,False,False,False,Resultados,Information Technology,43.58,MEDIO
2026-10-02,NOW,BAJISTA,31.8,MEDIA,False,False,False,Resultados,Information Technology,134.15,
2026-10-02,NEM,BAJISTA,31.3,MEDIA,False,False,True,Resultados,Materials,115.56,
2026-10-02,CTSH,ALCISTA,31.2,MEDIA,False,False,False,Resultados,Information Technology,58.62,
2026-10-02,MU,BAJISTA,31.1,MEDIA,False,False,False,,Information Technology,1069.18,
2026-10-02,WDC,ALCISTA,31.1,MEDIA,False,True,False,Resultados,Information Technology,415.95,
2026-10-02,PBF,BAJISTA,31.1,MEDIA,False,True,False,Resultados,Energy,80.78,
2026-10-02,TLN,ALCISTA,31.0,MEDIA,False,False,False,,Utilities,320.5,
2026-10-02,VIAV,ALCISTA,31.0,MEDIA,False,False,False,Resultados,Information Technology,47.28,
2026-10-02,WM,ALCISTA,30.9,MEDIA,False,False,False,Resultados,Industrials,204.45,
2026-10-02,WFC,BAJISTA,30.9,MEDIA,False,True,False,,Financials,80.38,
2026-10-02,MMM,BAJISTA,30.8,MEDIA,False,False,False,Resultados,Industrials,161.64,
2026-10-02,LEN,BAJISTA,30.7,MEDIA,False,False,False,,Consumer Discretionary,80.0,
2026-10-02,ORCL,ALCISTA,30.7,MEDIA,False,True,False,,Information Technology,142.37,
2026-10-02,ASML,BAJISTA,30.7,MEDIA,False,False,False,,Information Technology,1867.31,
2026-10-02,SYF,BAJISTA,30.6,MEDIA,False,True,False,,Financials,71.77,
2026-10-02,F,ALCISTA,30.4,MEDIA,False,False,False,Resultados,Consumer Discretionary,12.1,
2026-10-02,VICR,ALCISTA,30.4,MEDIA,False,True,False,Resultados,Industrials,308.9,
2026-10-02,PRAX,BAJISTA,30.1,MEDIA,False,True,False,,Health Care,290.0,MEDIO
2026-10-02,RH,BAJISTA,30.1,MEDIA,False,True,False,,Consumer Discretionary,120.46,
2026-10-02,EQT,ALCISTA,27.5,BAJA,False,False,True,Resultados,Energy,50.31,
2026-10-02,FCX,BAJISTA,27.4,BAJA,False,False,True,,Materials,72.13,
2026-10-02,SO,BAJISTA,24.5,BAJA,False,False,True,Resultados,Utilities,83.72,
2026-10-02,IP,BAJISTA,19.8,BAJA,False,False,True,Resultados,Materials,31.97,
2026-10-02,ITW,BAJISTA,16.6,BAJA,False,False,True,Resultados,Industrials,262.92,
2026-10-02,CBT,BAJISTA,14.1,BAJA,False,False,True,,Materials,76.95,
2026-10-02,KR,ALCISTA,13.9,BAJA,False,False,True,,Consumer Staples,59.05,
2026-10-02,SPGI,BAJISTA,12.4,BAJA,False,False,True,Resultados,Financials,386.27,
